bulan,dibuat,ditutup,backlog_kumulatif
2022-01-01,2109,1226,883
2022-02-01,1835,1099,1619
2022-03-01,2139,1281,2477
2022-04-01,2044,1220,3301
2022-05-01,2044,1222,4123
2022-06-01,2092,1242,4973
2022-07-01,2070,1243,5800
2022-08-01,2091,1259,6632
2022-09-01,2006,1198,7440
2022-10-01,2094,1247,8287
2022-11-01,2056,1237,9106
2022-12-01,2023,1220,9909
2023-01-01,2068,1253,10724
2023-02-01,1978,1195,11507
2023-03-01,2148,1302,12353
2023-04-01,2039,1266,13126
2023-05-01,2066,1234,13958
2023-06-01,2038,1178,14818
2023-07-01,2263,1346,15735
2023-08-01,2098,1253,16580
2023-09-01,2104,1264,17420
2023-10-01,2121,1311,18230
2023-11-01,2045,1230,19045
2023-12-01,2197,1339,19903
2024-01-01,2161,1274,20790
2024-02-01,1976,1176,21590
2024-03-01,2102,1288,22404
2024-04-01,2078,1289,23193
2024-05-01,2159,1245,24107
2024-06-01,2027,1224,24910
2024-07-01,2114,1285,25739
2024-08-01,2211,1339,26611
2024-09-01,2001,1213,27399
2024-10-01,2097,1278,28218
2024-11-01,2060,1246,29032
2024-12-01,2084,1270,29846
2025-01-01,2158,1263,30741
2025-02-01,1895,1155,31481
2025-03-01,2129,1264,32346
2025-04-01,2058,1189,33215
2025-05-01,2125,1274,34066
2025-06-01,2090,1244,34912
2025-07-01,2127,1264,35775
2025-08-01,2128,1294,36609
2025-09-01,2063,1240,37432
2025-10-01,2146,1310,38268
2025-11-01,2114,1256,39126
2025-12-01,2129,1324,39931
2026-01-01,0,44,39887
