"dimensi","nilai","jumlah","median_jam","persen_lama"
"channel","web_form",10039,23.6,0.0
"channel","chat",9952,23.6,0.0
"channel","in_app",10022,23.6,0.0
"channel","phone_transcript",10097,23.6,0.0
"channel","email",10021,23.4,0.0
"customer_segment","small_business",10054,23.8,0.0
"customer_segment","individual",10030,23.6,0.0
"customer_segment","enterprise",10000,23.5,0.0
"customer_segment","non_profit",9974,23.5,0.0
"customer_segment","education",10073,23.1,0.0
"issue_type","feature_request",6219,23.8,0.0
"issue_type","billing_problem",6219,23.7,0.0
"issue_type","performance",6298,23.7,0.0
"issue_type","how_to",6405,23.6,0.0
"issue_type","other",6263,23.6,0.0
"issue_type","security_concern",6218,23.5,0.0
"issue_type","bug",6237,23.3,0.0
"issue_type","account_access",6272,23.0,0.0
"priority","low",19816,40.4,0.0
"priority","medium",17863,25.7,0.0
"priority","high",9945,12.4,0.0
"priority","urgent",2507,3.9,0.0
"product_area","api_integration",7145,23.8,0.0
"product_area","mobile_app",7291,23.7,0.0
"product_area","data_export",7216,23.7,0.0
"product_area","login_auth",7261,23.6,0.0
"product_area","billing",7104,23.5,0.0
"product_area","analytics_dashboard",7054,23.3,0.0
"product_area","notifications",7060,23.2,0.0
"sla_plan","standard",30111,23.6,0.0
"sla_plan","gold",15034,23.5,0.0
"sla_plan","platinum",4986,23.5,0.0
