issue_type,priority,jumlah,persen_dalam_issue
account_access,high,2488,19.7
account_access,low,4927,39.1
account_access,medium,4458,35.4
account_access,urgent,736,5.8
billing_problem,high,2412,19.5
billing_problem,low,4931,39.8
billing_problem,medium,4408,35.6
billing_problem,urgent,631,5.1
bug,high,2481,20.1
bug,low,4955,40.1
bug,medium,4314,34.9
bug,urgent,599,4.9
feature_request,high,2509,20.1
feature_request,low,4975,39.8
feature_request,medium,4394,35.2
feature_request,urgent,609,4.9
how_to,high,2540,19.9
how_to,low,5055,39.7
how_to,medium,4489,35.2
how_to,urgent,655,5.1
other,high,2472,19.8
other,low,5019,40.3
other,medium,4370,35.1
other,urgent,602,4.8
performance,high,2512,20.1
performance,low,4929,39.4
performance,medium,4443,35.5
performance,urgent,629,5.0
security_concern,high,2451,19.7
security_concern,low,4944,39.7
security_concern,medium,4437,35.6
security_concern,urgent,626,5.0
