bulan,tiket,terbengkalai,median_jam
2022-01-01,2109,210,23.3
2022-02-01,1835,176,23.9
2022-03-01,2139,203,23.8
2022-04-01,2044,188,23.9
2022-05-01,2044,190,23.9
2022-06-01,2092,213,23.4
2022-07-01,2070,221,23.1
2022-08-01,2091,204,24.2
2022-09-01,2006,198,23.5
2022-10-01,2094,230,22.4
2022-11-01,2056,213,22.8
2022-12-01,2023,185,24.2
2023-01-01,2068,204,23.9
2023-02-01,1978,210,22.2
2023-03-01,2148,224,24.4
2023-04-01,2039,197,23.1
2023-05-01,2066,207,24.7
2023-06-01,2038,188,25.9
2023-07-01,2263,222,23.3
2023-08-01,2098,220,23.2
2023-09-01,2104,241,23.0
2023-10-01,2121,195,23.7
2023-11-01,2045,216,22.9
2023-12-01,2197,208,22.7
2024-01-01,2161,221,23.9
2024-02-01,1976,209,22.4
2024-03-01,2102,210,25.2
2024-04-01,2078,193,24.5
2024-05-01,2159,230,22.5
2024-06-01,2027,197,23.4
2024-07-01,2114,214,23.3
2024-08-01,2211,225,24.0
2024-09-01,2001,195,24.0
2024-10-01,2097,227,23.4
2024-11-01,2060,207,23.4
2024-12-01,2084,211,22.9
2025-01-01,2158,215,23.7
2025-02-01,1895,192,23.2
2025-03-01,2129,189,24.1
2025-04-01,2058,202,23.8
2025-05-01,2125,221,23.8
2025-06-01,2090,210,25.2
2025-07-01,2127,221,23.8
2025-08-01,2128,199,23.7
2025-09-01,2063,201,24.2
2025-10-01,2146,223,22.6
2025-11-01,2114,200,24.4
2025-12-01,2129,207,22.6
